conversion_type,from,to,multiply_by,addition_by
Length,Kilometer,Meter,1000.0,0
Length,Kilometer,Centimeter,100000.0,0
Length,Kilometer,Millimeter,1000000.0,0
Length,Kilometer,Mile,0.621371,0
Length,Kilometer,Yard,1093.61,0
Length,Kilometer,Foot,3280.84,0
Length,Kilometer,Inch,39370.1,0
Length,Kilometer,Nautical mile,0.539957,0
Length,Meter,Kilometer,0.001,0
Length,Meter,Centimeter,100.0,0
Length,Meter,Millimeter,1000.0,0
Length,Meter,Mile,0.000621371,0
Length,Meter,Yard,1.09361,0
Length,Meter,Foot,3.28084,0
Length,Meter,Inch,39.3701,0
Length,Meter,Nautical mile,0.000539957,0
Length,Centimeter,Kilometer,1e-05,0
Length,Centimeter,Meter,0.01,0
Length,Centimeter,Millimeter,10.0,0
Length,Centimeter,Mile,6.2137e-06,0
Length,Centimeter,Yard,0.0109361,0
Length,Centimeter,Foot,0.0328084,0
Length,Centimeter,Inch,0.393701,0
Length,Centimeter,Nautical mile,5.3996e-06,0
Length,Millimeter,Kilometer,1e-06,0
Length,Millimeter,Meter,0.001,0
Length,Millimeter,Centimeter,0.1,0
Length,Millimeter,Mile,6.2137e-07,0
Length,Millimeter,Yard,0.00109361,0
Length,Millimeter,Foot,0.00328084,0
Length,Millimeter,Inch,0.0393701,0
Length,Millimeter,Nautical mile,5.3996e-07,0
Length,Mile,Kilometer,1.60934,0
Length,Mile,Meter,1609.34,0
Length,Mile,Centimeter,160934.0,0
Length,Mile,Millimeter,1609000.0,0
Length,Mile,Yard,1760.0,0
Length,Mile,Foot,5280.0,0
Length,Mile,Inch,63360.0,0
Length,Mile,Nautical mile,0.868976,0
Length,Yard,Kilometer,0.0009144,0
Length,Yard,Meter,0.9144,0
Length,Yard,Centimeter,91.44,0
Length,Yard,Millimeter,914.4,0
Length,Yard,Mile,0.000568182,0
Length,Yard,Foot,3.0,0
Length,Yard,Inch,36.0,0
Length,Yard,Nautical mile,0.000493737,0
Length,Foot,Kilometer,0.0003048,0
Length,Foot,Meter,0.3048,0
Length,Foot,Centimeter,30.48,0
Length,Foot,Millimeter,304.8,0
Length,Foot,Mile,0.000189394,0
Length,Foot,Yard,0.333333,0
Length,Foot,Inch,12.0,0
Length,Foot,Nautical mile,0.000164579,0
Length,Inch,Kilometer,2.54e-05,0
Length,Inch,Meter,0.0254,0
Length,Inch,Centimeter,2.54,0
Length,Inch,Millimeter,25.4,0
Length,Inch,Mile,1.5783e-05,0
Length,Inch,Yard,0.0277778,0
Length,Inch,Foot,0.0833333,0
Length,Inch,Nautical mile,1.3715e-05,0
Length,Nautical mile,Inch,72913.4,0
Length,Nautical mile,Meter,1852.0,0
Length,Nautical mile,Centimeter,185200.0,0
Length,Nautical mile,Millimeter,1852000.0,0
Length,Nautical mile,Mile,1.15078,0
Length,Nautical mile,Yard,2025.37,0
Length,Nautical mile,Foot,6076.12,0
Weight,Metric ton,Kilogram,1000.0,0
Weight,Metric ton,Gram,1000000.0,0
Weight,Metric ton,Milligram,1000000000.0,0
Weight,Metric ton,Mcg,1000000000000.0,0
Weight,Metric ton,Long ton,0.984207,0
Weight,Metric ton,Short ton,1.10231,0
Weight,Metric ton,Stone,157.473,0
Weight,Metric ton,Pound,2204.62,0
Weight,Metric ton,Ounce,35274.0,0
Weight,Kilogram,Metric ton,0.001,0
Weight,Kilogram,Gram,1000.0,0
Weight,Kilogram,Milligram,1000000.0,0
Weight,Kilogram,Mcg,1000000000.0,0
Weight,Kilogram,Long ton,0.000984207,0
Weight,Kilogram,Short ton,0.00110231,0
Weight,Kilogram,Stone,0.157473,0
Weight,Kilogram,Pound,2.20462,0
Weight,Kilogram,Ounce,35.274,0
Weight,Gram,Metric ton,1e-06,0
Weight,Gram,Kilogram,0.001,0
Weight,Gram,Milligram,1000.0,0
Weight,Gram,Mcg,1000000.0,0
Weight,Gram,Long ton,9.8421e-07,0
Weight,Gram,Short ton,1.1023e-06,0
Weight,Gram,Stone,0.000157473,0
Weight,Gram,Pound,0.00220462,0
Weight,Gram,Ounce,0.035274,0
Weight,Milligram,Metric ton,1e-09,0
Weight,Milligram,Kilogram,1e-06,0
Weight,Milligram,Gram,0.001,0
Weight,Milligram,Mcg,1000.0,0
Weight,Milligram,Long ton,9.8421e-10,0
Weight,Milligram,Short ton,1.1023e-09,0
Weight,Milligram,Stone,1.5747e-07,0
Weight,Milligram,Pound,2.2046e-06,0
Weight,Milligram,Ounce,3.5274e-05,0
Weight,Mcg,Metric ton,1e-12,0
Weight,Mcg,Kilogram,1e-09,0
Weight,Mcg,Gram,1e-06,0
Weight,Mcg,Milligram,0.001,0
Weight,Mcg,Long ton,9.8421e-13,0
Weight,Mcg,Short ton,1.1023e-12,0
Weight,Mcg,Stone,1.5747e-10,0
Weight,Mcg,Pound,2.2046e-09,0
Weight,Mcg,Ounce,3.5274e-08,0
Weight,Long ton,Metric ton,1.01605,0
Weight,Long ton,Kilogram,1016.05,0
Weight,Long ton,Gram,1016000.0,0
Weight,Long ton,Milligram,1016000000.0,0
Weight,Long ton,Mcg,1016000000000.0,0
Weight,Long ton,Short ton,1.12,0
Weight,Long ton,Stone,160.0,0
Weight,Long ton,Pound,2240.0,0
Weight,Long ton,Ounce,35840.0,0
Weight,Short ton,Metric ton,0.907185,0
Weight,Short ton,Kilogram,907.185,0
Weight,Short ton,Gram,907185.0,0
Weight,Short ton,Milligram,907200000.0,0
Weight,Short ton,Mcg,907200000000.0,0
Weight,Short ton,Long ton,0.892857,0
Weight,Short ton,Stone,142.857,0
Weight,Short ton,Pound,2000.0,0
Weight,Short ton,Ounce,32000.0,0
Weight,Stone,Metric ton,0.00635029,0
Weight,Stone,Kilogram,6.35029,0
Weight,Stone,Gram,6350.29,0
Weight,Stone,Milligram,6350000.0,0
Weight,Stone,Mcg,6350000000.0,0
Weight,Stone,Long ton,0.00625,0
Weight,Stone,Short ton,0.007,0
Weight,Stone,Pound,14.0,0
Weight,Stone,Ounce,224.0,0
Weight,Pound,Metric ton,0.000453592,0
Weight,Pound,Kilogram,0.453592,0
Weight,Pound,Gram,453.592,0
Weight,Pound,Milligram,453592.0,0
Weight,Pound,Mcg,453600000.0,0
Weight,Pound,Long ton,0.000446429,0
Weight,Pound,Short ton,0.0005,0
Weight,Pound,Stone,0.0714286,0
Weight,Pound,Ounce,16.0,0
Weight,Ounce,Pound,0.0625,0
Weight,Ounce,Kilogram,0.0283495,0
Weight,Ounce,Gram,28.3495,0
Weight,Ounce,Milligram,28349.5,0
Weight,Ounce,Mcg,28350000.0,0
Weight,Ounce,Long ton,2.7902e-05,0
Weight,Ounce,Short ton,3.125e-05,0
Weight,Ounce,Stone,0.00446429,0
Temperature,Celsius,Fahrenheit,1.8,32
Temperature,Celsius,Kelvin,1.0,273.15
Speed,Miles/hour,Feet/sec,1.46667,0
Speed,Miles/hour,Meters/sec,0.44704,0
Speed,Miles/hour,Km/hour,1.60934,0
Speed,Miles/hour,Knot,0.868976,0
Speed,Feet/sec,Miles/hour,0.681818,0
Speed,Feet/sec,Meters/sec,0.3048,0
Speed,Feet/sec,Km/hour,1.09728,0
Speed,Feet/sec,Knot,0.592484,0
Speed,Meters/sec,Miles/hour,2.23694,0
Speed,Meters/sec,Feet/sec,3.28084,0
Speed,Meters/sec,Km/hour,3.6,0
Speed,Meters/sec,Knot,1.94384,0
Speed,Km/hour,Miles/hour,0.621371,0
Speed,Km/hour,Feet/sec,0.911344,0
Speed,Km/hour,Meters/sec,0.277778,0
Speed,Km/hour,Knot,0.539957,0
Speed,Knot,Feet/sec,1.68781,0
Speed,Knot,Meters/sec,0.514444,0
Speed,Knot,Km/hour,1.852,0
Volume,US gal,US quart,4.0,0
Volume,US gal,US pint,8.0,0
Volume,US gal,US cup,16.0,0
Volume,US gal,US oz,128.0,0
Volume,US gal,US tbsp.,256.0,0
Volume,US gal,US tsp.,768.0,0
Volume,US gal,Cubic meter,0.00378541,0
Volume,US gal,Liter,3.78541,0
Volume,US gal,Milliliter,3785.41,0
Volume,US gal,Imperial gal,0.832674,0
Volume,US gal,Imperial quart,3.3307,0
Volume,US gal,Imperial pint,6.66139,0
Volume,US gal,Imperial oz,133.228,0
Volume,US gal,Imperial tbsp.,213.165,0
Volume,US gal,Imperial tsp.,639.494,0
Volume,US gal,Cubic foot,0.133681,0
Volume,US gal,Cubic inch,231.0,0
Volume,US quart,US gal,0.25,0
Volume,US quart,US pint,2.0,0
Volume,US quart,US cup,4.0,0
Volume,US quart,US oz,32.0,0
Volume,US quart,US tbsp.,64.0,0
Volume,US quart,US tsp.,192.0,0
Volume,US quart,Cubic meter,0.000946353,0
Volume,US quart,Liter,0.946353,0
Volume,US quart,Milliliter,946.353,0
Volume,US quart,Imperial gal,0.208168,0
Volume,US quart,Imperial quart,0.832674,0
Volume,US quart,Imperial pint,1.66535,0
Volume,US quart,Imperial oz,33.307,0
Volume,US quart,Imperial tbsp.,53.2911,0
Volume,US quart,Imperial tsp.,159.873,0
Volume,US quart,Cubic foot,0.0334201,0
Volume,US quart,Cubic inch,57.75,0
Volume,US pint,US gal,0.125,0
Volume,US pint,US quart,0.5,0
Volume,US pint,US cup,2.0,0
Volume,US pint,US oz,16.0,0
Volume,US pint,US tbsp.,32.0,0
Volume,US pint,US tsp.,96.0,0
Volume,US pint,Cubic meter,0.000473176,0
Volume,US pint,Liter,0.473176,0
Volume,US pint,Milliliter,473.176,0
Volume,US pint,Imperial gal,0.104084,0
Volume,US pint,Imperial quart,0.416337,0
Volume,US pint,Imperial pint,0.832674,0
Volume,US pint,Imperial oz,16.6535,0
Volume,US pint,Imperial tbsp.,26.6456,0
Volume,US pint,Imperial tsp.,79.9367,0
Volume,US pint,Cubic foot,0.0167101,0
Volume,US pint,Cubic inch,28.875,0
Volume,US cup,US gal,0.0625,0
Volume,US cup,US quart,0.25,0
Volume,US cup,US pint,0.5,0
Volume,US cup,US oz,8.0,0
Volume,US cup,US tbsp.,16.0,0
Volume,US cup,US tsp.,48.0,0
Volume,US cup,Cubic meter,0.000236588,0
Volume,US cup,Liter,0.236588,0
Volume,US cup,Milliliter,236.588,0
Volume,US cup,Imperial gal,0.0520421,0
Volume,US cup,Imperial quart,0.208168,0
Volume,US cup,Imperial pint,0.416337,0
Volume,US cup,Imperial oz,8.32674,0
Volume,US cup,Imperial tbsp.,13.3228,0
Volume,US cup,Imperial tsp.,39.9683,0
Volume,US cup,Cubic foot,0.00835503,0
Volume,US cup,Cubic inch,14.4375,0
Volume,US oz,US gal,0.0078125,0
Volume,US oz,US quart,0.03125,0
Volume,US oz,US pint,0.0625,0
Volume,US oz,US cup,0.125,0
Volume,US oz,US tbsp.,2.0,0
Volume,US oz,US tsp.,6.0,0
Volume,US oz,Cubic meter,2.9574e-05,0
Volume,US oz,Liter,0.0295735,0
Volume,US oz,Milliliter,29.5735,0
Volume,US oz,Imperial gal,0.00650526,0
Volume,US oz,Imperial quart,0.0260211,0
Volume,US oz,Imperial pint,0.0520421,0
Volume,US oz,Imperial oz,1.04084,0
Volume,US oz,Imperial tbsp.,1.66535,0
Volume,US oz,Imperial tsp.,4.99604,0
Volume,US oz,Cubic foot,0.00104438,0
Volume,US oz,Cubic inch,1.80469,0
Volume,US tbsp.,US gal,0.00390625,0
Volume,US tbsp.,US quart,0.015625,0
Volume,US tbsp.,US pint,0.03125,0
Volume,US tbsp.,US cup,0.0625,0
Volume,US tbsp.,US oz,0.5,0
Volume,US tbsp.,US tsp.,3.0,0
Volume,US tbsp.,Cubic meter,1.4787e-05,0
Volume,US tbsp.,Liter,0.0147868,0
Volume,US tbsp.,Milliliter,14.7868,0
Volume,US tbsp.,Imperial gal,0.00325263,0
Volume,US tbsp.,Imperial quart,0.0130105,0
Volume,US tbsp.,Imperial pint,0.0260211,0
Volume,US tbsp.,Imperial oz,0.520421,0
Volume,US tbsp.,Imperial tbsp.,0.832674,0
Volume,US tbsp.,Imperial tsp.,2.49802,0
Volume,US tbsp.,Cubic foot,0.00052219,0
Volume,US tbsp.,Cubic inch,0.902344,0
Volume,US tsp.,US gal,0.00130208,0
Volume,US tsp.,US quart,0.00520833,0
Volume,US tsp.,US pint,0.0104167,0
Volume,US tsp.,US cup,0.0208333,0
Volume,US tsp.,US oz,0.166667,0
Volume,US tsp.,US tbsp.,0.333333,0
Volume,US tsp.,Cubic meter,4.9289e-06,0
Volume,US tsp.,Liter,0.00492892,0
Volume,US tsp.,Milliliter,4.92892,0
Volume,US tsp.,Imperial gal,0.00108421,0
Volume,US tsp.,Imperial quart,0.00433684,0
Volume,US tsp.,Imperial pint,0.00867369,0
Volume,US tsp.,Imperial oz,0.173474,0
Volume,US tsp.,Imperial tbsp.,0.277558,0
Volume,US tsp.,Imperial tsp.,0.832674,0
Volume,US tsp.,Cubic foot,0.000174063,0
Volume,US tsp.,Cubic inch,0.300781,0
Volume,Cubic meter,US gal,264.172,0
Volume,Cubic meter,US quart,1056.69,0
Volume,Cubic meter,US pint,2113.38,0
Volume,Cubic meter,US cup,4226.75,0
Volume,Cubic meter,US oz,33814.0,0
Volume,Cubic meter,US tbsp.,67628.0,0
Volume,Cubic meter,US tsp.,202884.0,0
Volume,Cubic meter,Liter,1000.0,0
Volume,Cubic meter,Milliliter,1000000.0,0
Volume,Cubic meter,Imperial gal,219.969,0
Volume,Cubic meter,Imperial quart,879.877,0
Volume,Cubic meter,Imperial pint,1759.75,0
Volume,Cubic meter,Imperial oz,35195.1,0
Volume,Cubic meter,Imperial tbsp.,56312.1,0
Volume,Cubic meter,Imperial tsp.,168936.0,0
Volume,Cubic meter,Cubic foot,35.3147,0
Volume,Cubic meter,Cubic inch,61023.7,0
Volume,Liter,US gal,0.264172,0
Volume,Liter,US quart,1.05669,0
Volume,Liter,US pint,2.11338,0
Volume,Liter,US cup,4.22675,0
Volume,Liter,US oz,33.814,0
Volume,Liter,US tbsp.,67.628,0
Volume,Liter,US tsp.,202.884,0
Volume,Liter,Cubic meter,0.001,0
Volume,Liter,Milliliter,1000.0,0
Volume,Liter,Imperial gal,0.219969,0
Volume,Liter,Imperial quart,0.879877,0
Volume,Liter,Imperial pint,1.75975,0
Volume,Liter,Imperial oz,35.1951,0
Volume,Liter,Imperial tbsp.,56.3121,0
Volume,Liter,Imperial tsp.,168.936,0
Volume,Liter,Cubic foot,0.0353147,0
Volume,Liter,Cubic inch,61.0237,0
Volume,Milliliter,US gal,0.000264172,0
Volume,Milliliter,US quart,0.00105669,0
Volume,Milliliter,US pint,0.00211338,0
Volume,Milliliter,US cup,0.00422675,0
Volume,Milliliter,US oz,0.033814,0
Volume,Milliliter,US tbsp.,0.067628,0
Volume,Milliliter,US tsp.,0.202884,0
Volume,Milliliter,Cubic meter,1e-06,0
Volume,Milliliter,Liter,0.001,0
Volume,Milliliter,Imperial gal,0.000219969,0
Volume,Milliliter,Imperial quart,0.000879877,0
Volume,Milliliter,Imperial pint,0.00175975,0
Volume,Milliliter,Imperial oz,0.0351951,0
Volume,Milliliter,Imperial tbsp.,0.0563121,0
Volume,Milliliter,Imperial tsp.,0.168936,0
Volume,Milliliter,Cubic foot,3.5315e-05,0
Volume,Milliliter,Cubic inch,0.0610237,0
Volume,Imperial gal,US gal,1.20095,0
Volume,Imperial gal,US quart,4.8038,0
Volume,Imperial gal,US pint,9.6076,0
Volume,Imperial gal,US cup,19.2152,0
Volume,Imperial gal,US oz,153.722,0
Volume,Imperial gal,US tbsp.,307.443,0
Volume,Imperial gal,US tsp.,922.33,0
Volume,Imperial gal,Cubic meter,0.00454609,0
Volume,Imperial gal,Liter,4.54609,0
Volume,Imperial gal,Milliliter,4546.09,0
Volume,Imperial gal,Imperial quart,4.0,0
Volume,Imperial gal,Imperial pint,8.0,0
Volume,Imperial gal,Imperial oz,160.0,0
Volume,Imperial gal,Imperial tbsp.,256.0,0
Volume,Imperial gal,Imperial tsp.,768.0,0
Volume,Imperial gal,Cubic foot,0.160544,0
Volume,Imperial gal,Cubic inch,277.42,0
Volume,Imperial quart,US gal,0.300238,0
Volume,Imperial quart,US quart,1.20095,0
Volume,Imperial quart,US pint,2.4019,0
Volume,Imperial quart,US cup,4.8038,0
Volume,Imperial quart,US oz,38.4304,0
Volume,Imperial quart,US tbsp.,76.8608,0
Volume,Imperial quart,US tsp.,230.582,0
Volume,Imperial quart,Cubic meter,0.00113652,0
Volume,Imperial quart,Liter,1.13652,0
Volume,Imperial quart,Milliliter,1136.52,0
Volume,Imperial quart,Imperial gal,0.25,0
Volume,Imperial quart,Imperial pint,2.0,0
Volume,Imperial quart,Imperial oz,40.0,0
Volume,Imperial quart,Imperial tbsp.,64.0,0
Volume,Imperial quart,Imperial tsp.,192.0,0
Volume,Imperial quart,Cubic foot,0.0401359,0
Volume,Imperial quart,Cubic inch,69.3549,0
Volume,Imperial pint,US gal,0.150119,0
Volume,Imperial pint,US quart,0.600475,0
Volume,Imperial pint,US pint,1.20095,0
Volume,Imperial pint,US cup,2.4019,0
Volume,Imperial pint,US oz,19.2152,0
Volume,Imperial pint,US tbsp.,38.4304,0
Volume,Imperial pint,US tsp.,115.291,0
Volume,Imperial pint,Cubic meter,0.000568261,0
Volume,Imperial pint,Liter,0.568261,0
Volume,Imperial pint,Milliliter,568.261,0
Volume,Imperial pint,Imperial gal,0.125,0
Volume,Imperial pint,Imperial quart,0.5,0
Volume,Imperial pint,Imperial oz,20.0,0
Volume,Imperial pint,Imperial tbsp.,32.0,0
Volume,Imperial pint,Imperial tsp.,96.0,0
Volume,Imperial pint,Cubic foot,0.020068,0
Volume,Imperial pint,Cubic inch,34.6774,0
Volume,Imperial oz,US gal,0.00750594,0
Volume,Imperial oz,US quart,0.0300238,0
Volume,Imperial oz,US pint,0.0600475,0
Volume,Imperial oz,US cup,0.120095,0
Volume,Imperial oz,US oz,0.96076,0
Volume,Imperial oz,US tbsp.,1.92152,0
Volume,Imperial oz,US tsp.,5.76456,0
Volume,Imperial oz,Cubic meter,2.8413e-05,0
Volume,Imperial oz,Liter,0.0284131,0
Volume,Imperial oz,Milliliter,28.4131,0
Volume,Imperial oz,Imperial gal,0.00625,0
Volume,Imperial oz,Imperial quart,0.025,0
Volume,Imperial oz,Imperial pint,0.05,0
Volume,Imperial oz,Imperial tbsp.,1.6,0
Volume,Imperial oz,Imperial tsp.,4.8,0
Volume,Imperial oz,Cubic foot,0.0010034,0
Volume,Imperial oz,Cubic inch,1.73387,0
Volume,Imperial tbsp.,US gal,0.00469121,0
Volume,Imperial tbsp.,US quart,0.0187649,0
Volume,Imperial tbsp.,US pint,0.0375297,0
Volume,Imperial tbsp.,US cup,0.0750594,0
Volume,Imperial tbsp.,US oz,0.600475,0
Volume,Imperial tbsp.,US tbsp.,1.20095,0
Volume,Imperial tbsp.,US tsp.,3.60285,0
Volume,Imperial tbsp.,Cubic meter,1.7758e-05,0
Volume,Imperial tbsp.,Liter,0.0177582,0
Volume,Imperial tbsp.,Milliliter,17.7582,0
Volume,Imperial tbsp.,Imperial gal,0.00390625,0
Volume,Imperial tbsp.,Imperial quart,0.015625,0
Volume,Imperial tbsp.,Imperial pint,0.03125,0
Volume,Imperial tbsp.,Imperial oz,0.625,0
Volume,Imperial tbsp.,Imperial tsp.,3.0,0
Volume,Imperial tbsp.,Cubic foot,0.000627124,0
Volume,Imperial tbsp.,Cubic inch,1.08367,0
Volume,Imperial tsp.,US gal,0.00156374,0
Volume,Imperial tsp.,US quart,0.00625495,0
Volume,Imperial tsp.,US pint,0.0125099,0
Volume,Imperial tsp.,US cup,0.0250198,0
Volume,Imperial tsp.,US oz,0.200158,0
Volume,Imperial tsp.,US tbsp.,0.400317,0
Volume,Imperial tsp.,US tsp.,1.20095,0
Volume,Imperial tsp.,Cubic meter,5.9194e-06,0
Volume,Imperial tsp.,Liter,0.00591939,0
Volume,Imperial tsp.,Milliliter,5.91939,0
Volume,Imperial tsp.,Imperial gal,0.00130208,0
Volume,Imperial tsp.,Imperial quart,0.00520833,0
Volume,Imperial tsp.,Imperial pint,0.0104167,0
Volume,Imperial tsp.,Imperial oz,0.208333,0
Volume,Imperial tsp.,Imperial tbsp.,0.333333,0
Volume,Imperial tsp.,Cubic foot,0.000209041,0
Volume,Imperial tsp.,Cubic inch,0.361223,0
Volume,Cubic foot,US gal,7.48052,0
Volume,Cubic foot,US quart,29.9221,0
Volume,Cubic foot,US pint,59.8442,0
Volume,Cubic foot,US cup,119.688,0
Volume,Cubic foot,US oz,957.506,0
Volume,Cubic foot,US tbsp.,1915.01,0
Volume,Cubic foot,US tsp.,5745.04,0
Volume,Cubic foot,Cubic meter,0.0283168,0
Volume,Cubic foot,Liter,28.3168,0
Volume,Cubic foot,Milliliter,28316.8,0
Volume,Cubic foot,Imperial gal,6.22883,0
Volume,Cubic foot,Imperial quart,24.9153,0
Volume,Cubic foot,Imperial pint,49.8307,0
Volume,Cubic foot,Imperial oz,996.613,0
Volume,Cubic foot,Imperial tbsp.,1594.58,0
Volume,Cubic foot,Imperial tsp.,4783.74,0
Volume,Cubic foot,Cubic inch,1728.0,0
Volume,Cubic inch,US quart,0.017316,0
Volume,Cubic inch,US pint,0.034632,0
Volume,Cubic inch,US cup,0.0692641,0
Volume,Cubic inch,US oz,0.554113,0
Volume,Cubic inch,US tbsp.,1.10823,0
Volume,Cubic inch,US tsp.,3.32468,0
Volume,Cubic inch,Cubic meter,1.6387e-05,0
Volume,Cubic inch,Liter,0.0163871,0
Volume,Cubic inch,Milliliter,16.3871,0
Volume,Cubic inch,Imperial gal,0.00360465,0
Volume,Cubic inch,Imperial quart,0.0144186,0
Volume,Cubic inch,Imperial pint,0.0288372,0
Volume,Cubic inch,Imperial oz,0.576744,0
Volume,Cubic inch,Imperial tbsp.,0.92279,0
Volume,Cubic inch,Imperial tsp.,2.76837,0
Volume,Cubic inch,Cubic foot,0.000578704,0
Area,Square km,Hectare,100.0,0
Area,Square km,Square meter,1000000.0,0
Area,Square km,Square mile,0.386102,0
Area,Square km,Acre,247.105,0
Area,Square km,Square yard,1196000.0,0
Area,Square km,Square foot,10760000.0,0
Area,Square km,Square inch,1550000000.0,0
Area,Hectare,Square km,0.01,0
Area,Hectare,Square meter,10000.0,0
Area,Hectare,Square mile,0.00386102,0
Area,Hectare,Acre,2.47105,0
Area,Hectare,Square yard,11959.9,0
Area,Hectare,Square foot,107639.0,0
Area,Hectare,Square inch,15500000.0,0
Area,Square meter,Square km,1e-06,0
Area,Square meter,Hectare,0.0001,0
Area,Square meter,Square mile,3.861e-07,0
Area,Square meter,Acre,0.000247105,0
Area,Square meter,Square yard,1.19599,0
Area,Square meter,Square foot,10.7639,0
Area,Square meter,Square inch,1550.0,0
Area,Square mile,Square km,2.58999,0
Area,Square mile,Hectare,258.999,0
Area,Square mile,Square meter,2590000.0,0
Area,Square mile,Acre,640.0,0
Area,Square mile,Square yard,3098000.0,0
Area,Square mile,Square foot,27880000.0,0
Area,Square mile,Square inch,4014000000.0,0
Area,Acre,Square km,0.00404686,0
Area,Acre,Hectare,0.404686,0
Area,Acre,Square meter,4046.86,0
Area,Acre,Square mile,0.0015625,0
Area,Acre,Square yard,4840.0,0
Area,Acre,Square foot,43560.0,0
Area,Acre,Square inch,6273000.0,0
Area,Square yard,Square km,8.3613e-07,0
Area,Square yard,Hectare,8.3613e-05,0
Area,Square yard,Square meter,0.836127,0
Area,Square yard,Square mile,3.2283e-07,0
Area,Square yard,Acre,0.000206612,0
Area,Square yard,Square foot,9.0,0
Area,Square yard,Square inch,1296.0,0
Area,Square foot,Square km,9.2903e-08,0
Area,Square foot,Hectare,9.2903e-06,0
Area,Square foot,Square meter,0.092903,0
Area,Square foot,Square mile,3.587e-08,0
Area,Square foot,Acre,2.2957e-05,0
Area,Square foot,Square yard,0.111111,0
Area,Square foot,Square inch,144.0,0
Area,Square inch,Square foot,0.00694444,0
Area,Square inch,Hectare,6.4516e-08,0
Area,Square inch,Square meter,0.00064516,0
Area,Square inch,Square mile,2.491e-10,0
Area,Square inch,Acre,1.5942e-07,0
Area,Square inch,Square yard,0.000771605,0
Fuel consumption,MPG (US),MPG (imp.),1.20095,0
Fuel consumption,MPG (US),Km/liter,0.425144,0
Fuel consumption,MPG (imp.),MPG (US),0.832674,0
Fuel consumption,MPG (imp.),Km/liter,0.354006,0
Fuel consumption,Km/liter,MPG (US),2.35215,0
Fuel consumption,Km/liter,MPG (imp.),2.82481,0
Time,Nanosecond,Microsecond,0.001,0
Time,Nanosecond,Millisecond,1e-06,0
Time,Nanosecond,Second,1e-09,0
Time,Nanosecond,Minute,1.6667e-11,0
Time,Nanosecond,Hour,2.7778e-13,0
Time,Nanosecond,Day,1.1574e-14,0
Time,Nanosecond,Week,1.6534e-15,0
Time,Nanosecond,Month,3.8027e-16,0
Time,Nanosecond,Year,3.1689e-17,0
Time,Nanosecond,Decade,3.1689e-18,0
Time,Nanosecond,Century,3.1689000000000004e-19,0
Time,Microsecond,Nanosecond,1000.0,0
Time,Microsecond,Millisecond,0.001,0
Time,Microsecond,Second,1e-06,0
Time,Microsecond,Minute,1.6667e-08,0
Time,Microsecond,Hour,2.7778e-10,0
Time,Microsecond,Day,1.1574e-11,0
Time,Microsecond,Week,1.6534e-12,0
Time,Microsecond,Month,3.8027e-13,0
Time,Microsecond,Year,3.1689e-14,0
Time,Microsecond,Decade,3.1689e-15,0
Time,Microsecond,Century,3.1689e-16,0
Time,Millisecond,Nanosecond,1000000.0,0
Time,Millisecond,Microsecond,1000.0,0
Time,Millisecond,Second,0.001,0
Time,Millisecond,Minute,1.6667e-05,0
Time,Millisecond,Hour,2.7778e-07,0
Time,Millisecond,Day,1.1574e-08,0
Time,Millisecond,Week,1.6534e-09,0
Time,Millisecond,Month,3.8027e-10,0
Time,Millisecond,Year,3.1689e-11,0
Time,Millisecond,Decade,3.1689e-12,0
Time,Millisecond,Century,3.1689e-13,0
Time,Second,Nanosecond,1000000000.0,0
Time,Second,Microsecond,1000000.0,0
Time,Second,Millisecond,1000.0,0
Time,Second,Minute,0.0166667,0
Time,Second,Hour,0.000277778,0
Time,Second,Day,1.1574e-05,0
Time,Second,Week,1.6534e-06,0
Time,Second,Month,3.8027e-07,0
Time,Second,Year,3.1689e-08,0
Time,Second,Decade,3.1689e-09,0
Time,Second,Century,3.1689e-10,0
Time,Minute,Nanosecond,60000000000.0,0
Time,Minute,Microsecond,60000000.0,0
Time,Minute,Millisecond,60000.0,0
Time,Minute,Second,60.0,0
Time,Minute,Hour,0.0166667,0
Time,Minute,Day,0.000694444,0
Time,Minute,Week,9.9206e-05,0
Time,Minute,Month,2.2816e-05,0
Time,Minute,Year,1.9013e-06,0
Time,Minute,Decade,1.9013e-07,0
Time,Minute,Century,1.9013e-08,0
Time,Hour,Nanosecond,3600000000000.0,0
Time,Hour,Microsecond,3600000000.0,0
Time,Hour,Millisecond,3600000.0,0
Time,Hour,Second,3600.0,0
Time,Hour,Minute,60.0,0
Time,Hour,Day,0.0416667,0
Time,Hour,Week,0.00595238,0
Time,Hour,Month,0.00136895,0
Time,Hour,Year,0.00011408,0
Time,Hour,Decade,1.1408e-05,0
Time,Hour,Century,1.1408e-06,0
Time,Day,Nanosecond,86400000000000.0,0
Time,Day,Microsecond,86400000000.0,0
Time,Day,Millisecond,86400000.0,0
Time,Day,Second,86400.0,0
Time,Day,Minute,1440.0,0
Time,Day,Hour,24.0,0
Time,Day,Week,0.142857,0
Time,Day,Month,0.0328549,0
Time,Day,Year,0.00273791,0
Time,Day,Decade,0.000273791,0
Time,Day,Century,2.7379e-05,0
Time,Week,Nanosecond,604800000000000.0,0
Time,Week,Microsecond,604800000000.0,0
Time,Week,Millisecond,604800000.0,0
Time,Week,Second,604800.0,0
Time,Week,Minute,10080.0,0
Time,Week,Hour,168.0,0
Time,Week,Day,7.0,0
Time,Week,Month,0.229984,0
Time,Week,Year,0.0191654,0
Time,Week,Decade,0.00191654,0
Time,Week,Century,0.000191654,0
Time,Month,Nanosecond,2630000000000000.0,0
Time,Month,Microsecond,2630000000000.0,0
Time,Month,Millisecond,2630000000.0,0
Time,Month,Second,2630000.0,0
Time,Month,Minute,43829.1,0
Time,Month,Hour,730.484,0
Time,Month,Day,30.4368,0
Time,Month,Week,4.34812,0
Time,Month,Year,0.0833333,0
Time,Month,Decade,0.00833333,0
Time,Month,Century,0.000833333,0
Time,Year,Nanosecond,3.156e+16,0
Time,Year,Microsecond,31560000000000.0,0
Time,Year,Millisecond,31560000000.0,0
Time,Year,Second,31560000.0,0
Time,Year,Minute,525949.0,0
Time,Year,Hour,8765.81,0
Time,Year,Day,365.242,0
Time,Year,Week,52.1775,0
Time,Year,Month,12.0,0
Time,Year,Decade,0.1,0
Time,Year,Century,0.01,0
Time,Decade,Nanosecond,3.156e+17,0
Time,Decade,Microsecond,315600000000000.0,0
Time,Decade,Millisecond,315600000000.0,0
Time,Decade,Second,315600000.0,0
Time,Decade,Minute,5259000.0,0
Time,Decade,Hour,87658.1,0
Time,Decade,Day,3652.42,0
Time,Decade,Week,521.775,0
Time,Decade,Month,120.0,0
Time,Decade,Year,10.0,0
Time,Decade,Century,0.1,0
Time,Century,Decade,10.0,0
Time,Century,Microsecond,3156000000000000.0,0
Time,Century,Millisecond,3156000000000.0,0
Time,Century,Second,3156000000.0,0
Time,Century,Minute,52590000.0,0
Time,Century,Hour,876581.0,0
Time,Century,Day,36524.2,0
Time,Century,Week,5217.75,0
Time,Century,Month,1200.0,0
Time,Century,Year,100.0,0
Digital Storage,Bit,Byte,0.125,0
Digital Storage,Bit,Kilobit,0.001,0
Digital Storage,Bit,Kilobyte,0.000125,0
Digital Storage,Bit,Kibibit,0.000976563,0
Digital Storage,Bit,Kibibyte,0.00012207,0
Digital Storage,Bit,Megabit,1e-06,0
Digital Storage,Bit,Megabyte,1.25e-07,0
Digital Storage,Bit,Mebibit,9.5367e-07,0
Digital Storage,Bit,Mebibyte,1.1921e-07,0
Digital Storage,Bit,Gigabit,1e-09,0
Digital Storage,Bit,Gigabyte,1.25e-10,0
Digital Storage,Bit,Gibibit,9.3132e-10,0
Digital Storage,Bit,Gibibyte,1.1642e-10,0
Digital Storage,Bit,Terabit,1e-12,0
Digital Storage,Bit,Terabyte,1.25e-13,0
Digital Storage,Bit,Tebibit,9.0949e-13,0
Digital Storage,Bit,Tebibyte,1.1369e-13,0
Digital Storage,Bit,Petabit,1e-15,0
Digital Storage,Bit,Petabyte,1.25e-16,0
Digital Storage,Bit,Pebibit,8.8818e-16,0
Digital Storage,Bit,Pebibyte,1.1102e-16,0
Digital Storage,Byte,Bit,8.0,0
Digital Storage,Byte,Kilobit,0.008,0
Digital Storage,Byte,Kilobyte,0.001,0
Digital Storage,Byte,Kibibit,0.0078125,0
Digital Storage,Byte,Kibibyte,0.000976563,0
Digital Storage,Byte,Megabit,8e-06,0
Digital Storage,Byte,Megabyte,1e-06,0
Digital Storage,Byte,Mebibit,7.6294e-06,0
Digital Storage,Byte,Mebibyte,9.5367e-07,0
Digital Storage,Byte,Gigabit,8e-09,0
Digital Storage,Byte,Gigabyte,1e-09,0
Digital Storage,Byte,Gibibit,7.4506e-09,0
Digital Storage,Byte,Gibibyte,9.3132e-10,0
Digital Storage,Byte,Terabit,8e-12,0
Digital Storage,Byte,Terabyte,1e-12,0
Digital Storage,Byte,Tebibit,7.276e-12,0
Digital Storage,Byte,Tebibyte,9.0949e-13,0
Digital Storage,Byte,Petabit,8e-15,0
Digital Storage,Byte,Petabyte,1e-15,0
Digital Storage,Byte,Pebibit,7.1054e-15,0
Digital Storage,Byte,Pebibyte,8.8818e-16,0
Digital Storage,Kilobit,Bit,1000.0,0
Digital Storage,Kilobit,Byte,125.0,0
Digital Storage,Kilobit,Kilobyte,0.125,0
Digital Storage,Kilobit,Kibibit,0.976563,0
Digital Storage,Kilobit,Kibibyte,0.12207,0
Digital Storage,Kilobit,Megabit,0.001,0
Digital Storage,Kilobit,Megabyte,0.000125,0
Digital Storage,Kilobit,Mebibit,0.000953674,0
Digital Storage,Kilobit,Mebibyte,0.000119209,0
Digital Storage,Kilobit,Gigabit,1e-06,0
Digital Storage,Kilobit,Gigabyte,1.25e-07,0
Digital Storage,Kilobit,Gibibit,9.3132e-07,0
Digital Storage,Kilobit,Gibibyte,1.1642e-07,0
Digital Storage,Kilobit,Terabit,1e-09,0
Digital Storage,Kilobit,Terabyte,1.25e-10,0
Digital Storage,Kilobit,Tebibit,9.0949e-10,0
Digital Storage,Kilobit,Tebibyte,1.1369e-10,0
Digital Storage,Kilobit,Petabit,1e-12,0
Digital Storage,Kilobit,Petabyte,1.25e-13,0
Digital Storage,Kilobit,Pebibit,8.8818e-13,0
Digital Storage,Kilobit,Pebibyte,1.1102e-13,0
Digital Storage,Kilobyte,Bit,8000.0,0
Digital Storage,Kilobyte,Byte,1000.0,0
Digital Storage,Kilobyte,Kilobit,8.0,0
Digital Storage,Kilobyte,Kibibit,7.8125,0
Digital Storage,Kilobyte,Kibibyte,0.976563,0
Digital Storage,Kilobyte,Megabit,0.008,0
Digital Storage,Kilobyte,Megabyte,0.001,0
Digital Storage,Kilobyte,Mebibit,0.00762939,0
Digital Storage,Kilobyte,Mebibyte,0.000953674,0
Digital Storage,Kilobyte,Gigabit,8e-06,0
Digital Storage,Kilobyte,Gigabyte,1e-06,0
Digital Storage,Kilobyte,Gibibit,7.4506e-06,0
Digital Storage,Kilobyte,Gibibyte,9.3132e-07,0
Digital Storage,Kilobyte,Terabit,8e-09,0
Digital Storage,Kilobyte,Terabyte,1e-09,0
Digital Storage,Kilobyte,Tebibit,7.276e-09,0
Digital Storage,Kilobyte,Tebibyte,9.0949e-10,0
Digital Storage,Kilobyte,Petabit,8e-12,0
Digital Storage,Kilobyte,Petabyte,1e-12,0
Digital Storage,Kilobyte,Pebibit,7.1054e-12,0
Digital Storage,Kilobyte,Pebibyte,8.8818e-13,0
Digital Storage,Kibibit,Bit,1024.0,0
Digital Storage,Kibibit,Byte,128.0,0
Digital Storage,Kibibit,Kilobit,1.024,0
Digital Storage,Kibibit,Kilobyte,0.128,0
Digital Storage,Kibibit,Kibibyte,0.125,0
Digital Storage,Kibibit,Megabit,0.001024,0
Digital Storage,Kibibit,Megabyte,0.000128,0
Digital Storage,Kibibit,Mebibit,0.000976563,0
Digital Storage,Kibibit,Mebibyte,0.00012207,0
Digital Storage,Kibibit,Gigabit,1.024e-06,0
Digital Storage,Kibibit,Gigabyte,1.28e-07,0
Digital Storage,Kibibit,Gibibit,9.5367e-07,0
Digital Storage,Kibibit,Gibibyte,1.1921e-07,0
Digital Storage,Kibibit,Terabit,1.024e-09,0
Digital Storage,Kibibit,Terabyte,1.28e-10,0
Digital Storage,Kibibit,Tebibit,9.3132e-10,0
Digital Storage,Kibibit,Tebibyte,1.1642e-10,0
Digital Storage,Kibibit,Petabit,1.024e-12,0
Digital Storage,Kibibit,Petabyte,1.28e-13,0
Digital Storage,Kibibit,Pebibit,9.0949e-13,0
Digital Storage,Kibibit,Pebibyte,1.1369e-13,0
Digital Storage,Kibibyte,Bit,8192.0,0
Digital Storage,Kibibyte,Byte,1024.0,0
Digital Storage,Kibibyte,Kilobit,8.192,0
Digital Storage,Kibibyte,Kilobyte,1.024,0
Digital Storage,Kibibyte,Kibibit,8.0,0
Digital Storage,Kibibyte,Megabit,0.008192,0
Digital Storage,Kibibyte,Megabyte,0.001024,0
Digital Storage,Kibibyte,Mebibit,0.0078125,0
Digital Storage,Kibibyte,Mebibyte,0.000976563,0
Digital Storage,Kibibyte,Gigabit,8.192e-06,0
Digital Storage,Kibibyte,Gigabyte,1.024e-06,0
Digital Storage,Kibibyte,Gibibit,7.6294e-06,0
Digital Storage,Kibibyte,Gibibyte,9.5367e-07,0
Digital Storage,Kibibyte,Terabit,8.192e-09,0
Digital Storage,Kibibyte,Terabyte,1.024e-09,0
Digital Storage,Kibibyte,Tebibit,7.4506e-09,0
Digital Storage,Kibibyte,Tebibyte,9.3132e-10,0
Digital Storage,Kibibyte,Petabit,8.192e-12,0
Digital Storage,Kibibyte,Petabyte,1.024e-12,0
Digital Storage,Kibibyte,Pebibit,7.276e-12,0
Digital Storage,Kibibyte,Pebibyte,9.0949e-13,0
Digital Storage,Megabit,Bit,1000000.0,0
Digital Storage,Megabit,Byte,125000.0,0
Digital Storage,Megabit,Kilobit,1000.0,0
Digital Storage,Megabit,Kilobyte,125.0,0
Digital Storage,Megabit,Kibibit,976.563,0
Digital Storage,Megabit,Kibibyte,122.07,0
Digital Storage,Megabit,Megabyte,0.125,0
Digital Storage,Megabit,Mebibit,0.953674,0
Digital Storage,Megabit,Mebibyte,0.119209,0
Digital Storage,Megabit,Gigabit,0.001,0
Digital Storage,Megabit,Gigabyte,0.000125,0
Digital Storage,Megabit,Gibibit,0.000931323,0
Digital Storage,Megabit,Gibibyte,0.000116415,0
Digital Storage,Megabit,Terabit,1e-06,0
Digital Storage,Megabit,Terabyte,1.25e-07,0
Digital Storage,Megabit,Tebibit,9.0949e-07,0
Digital Storage,Megabit,Tebibyte,1.1369e-07,0
Digital Storage,Megabit,Petabit,1e-09,0
Digital Storage,Megabit,Petabyte,1.25e-10,0
Digital Storage,Megabit,Pebibit,8.8818e-10,0
Digital Storage,Megabit,Pebibyte,1.1102e-10,0
Digital Storage,Megabyte,Bit,8000000.0,0
Digital Storage,Megabyte,Byte,1000000.0,0
Digital Storage,Megabyte,Kilobit,8000.0,0
Digital Storage,Megabyte,Kilobyte,1000.0,0
Digital Storage,Megabyte,Kibibit,7812.5,0
Digital Storage,Megabyte,Kibibyte,976.563,0
Digital Storage,Megabyte,Megabit,8.0,0
Digital Storage,Megabyte,Mebibit,7.62939,0
Digital Storage,Megabyte,Mebibyte,0.953674,0
Digital Storage,Megabyte,Gigabit,0.008,0
Digital Storage,Megabyte,Gigabyte,0.001,0
Digital Storage,Megabyte,Gibibit,0.00745058,0
Digital Storage,Megabyte,Gibibyte,0.000931323,0
Digital Storage,Megabyte,Terabit,8e-06,0
Digital Storage,Megabyte,Terabyte,1e-06,0
Digital Storage,Megabyte,Tebibit,7.276e-06,0
Digital Storage,Megabyte,Tebibyte,9.0949e-07,0
Digital Storage,Megabyte,Petabit,8e-09,0
Digital Storage,Megabyte,Petabyte,1e-09,0
Digital Storage,Megabyte,Pebibit,7.1054e-09,0
Digital Storage,Megabyte,Pebibyte,8.8818e-10,0
Digital Storage,Mebibit,Bit,1049000.0,0
Digital Storage,Mebibit,Byte,131072.0,0
Digital Storage,Mebibit,Kilobit,1048.58,0
Digital Storage,Mebibit,Kilobyte,131.072,0
Digital Storage,Mebibit,Kibibit,1024.0,0
Digital Storage,Mebibit,Kibibyte,128.0,0
Digital Storage,Mebibit,Megabit,1.04858,0
Digital Storage,Mebibit,Megabyte,0.131072,0
Digital Storage,Mebibit,Mebibyte,0.125,0
Digital Storage,Mebibit,Gigabit,0.00104858,0
Digital Storage,Mebibit,Gigabyte,0.000131072,0
Digital Storage,Mebibit,Gibibit,0.000976563,0
Digital Storage,Mebibit,Gibibyte,0.00012207,0
Digital Storage,Mebibit,Terabit,1.0486e-06,0
Digital Storage,Mebibit,Terabyte,1.3107e-07,0
Digital Storage,Mebibit,Tebibit,9.5367e-07,0
Digital Storage,Mebibit,Tebibyte,1.1921e-07,0
Digital Storage,Mebibit,Petabit,1.0486e-09,0
Digital Storage,Mebibit,Petabyte,1.3107e-10,0
Digital Storage,Mebibit,Pebibit,9.3132e-10,0
Digital Storage,Mebibit,Pebibyte,1.1642e-10,0
Digital Storage,Mebibyte,Bit,8389000.0,0
Digital Storage,Mebibyte,Byte,1049000.0,0
Digital Storage,Mebibyte,Kilobit,8388.61,0
Digital Storage,Mebibyte,Kilobyte,1048.58,0
Digital Storage,Mebibyte,Kibibit,8192.0,0
Digital Storage,Mebibyte,Kibibyte,1024.0,0
Digital Storage,Mebibyte,Megabit,8.38861,0
Digital Storage,Mebibyte,Megabyte,1.04858,0
Digital Storage,Mebibyte,Mebibit,8.0,0
Digital Storage,Mebibyte,Gigabit,0.00838861,0
Digital Storage,Mebibyte,Gigabyte,0.00104858,0
Digital Storage,Mebibyte,Gibibit,0.0078125,0
Digital Storage,Mebibyte,Gibibyte,0.000976563,0
Digital Storage,Mebibyte,Terabit,8.3886e-06,0
Digital Storage,Mebibyte,Terabyte,1.0486e-06,0
Digital Storage,Mebibyte,Tebibit,7.6294e-06,0
Digital Storage,Mebibyte,Tebibyte,9.5367e-07,0
Digital Storage,Mebibyte,Petabit,8.3886e-09,0
Digital Storage,Mebibyte,Petabyte,1.0486e-09,0
Digital Storage,Mebibyte,Pebibit,7.4506e-09,0
Digital Storage,Mebibyte,Pebibyte,9.3132e-10,0
Digital Storage,Gigabit,Bit,1000000000.0,0
Digital Storage,Gigabit,Byte,125000000.0,0
Digital Storage,Gigabit,Kilobit,1000000.0,0
Digital Storage,Gigabit,Kilobyte,125000.0,0
Digital Storage,Gigabit,Kibibit,976563.0,0
Digital Storage,Gigabit,Kibibyte,122070.0,0
Digital Storage,Gigabit,Megabit,1000.0,0
Digital Storage,Gigabit,Megabyte,125.0,0
Digital Storage,Gigabit,Mebibit,953.674,0
Digital Storage,Gigabit,Mebibyte,119.209,0
Digital Storage,Gigabit,Gigabyte,0.125,0
Digital Storage,Gigabit,Gibibit,0.931323,0
Digital Storage,Gigabit,Gibibyte,0.116415,0
Digital Storage,Gigabit,Terabit,0.001,0
Digital Storage,Gigabit,Terabyte,0.000125,0
Digital Storage,Gigabit,Tebibit,0.000909495,0
Digital Storage,Gigabit,Tebibyte,0.000113687,0
Digital Storage,Gigabit,Petabit,1e-06,0
Digital Storage,Gigabit,Petabyte,1.25e-07,0
Digital Storage,Gigabit,Pebibit,8.8818e-07,0
Digital Storage,Gigabit,Pebibyte,1.1102e-07,0
Digital Storage,Gigabyte,Bit,8000000000.0,0
Digital Storage,Gigabyte,Byte,1000000000.0,0
Digital Storage,Gigabyte,Kilobit,8000000.0,0
Digital Storage,Gigabyte,Kilobyte,1000000.0,0
Digital Storage,Gigabyte,Kibibit,7813000.0,0
Digital Storage,Gigabyte,Kibibyte,976563.0,0
Digital Storage,Gigabyte,Megabit,8000.0,0
Digital Storage,Gigabyte,Megabyte,1000.0,0
Digital Storage,Gigabyte,Mebibit,7629.39,0
Digital Storage,Gigabyte,Mebibyte,953.674,0
Digital Storage,Gigabyte,Gigabit,8.0,0
Digital Storage,Gigabyte,Gibibit,7.45058,0
Digital Storage,Gigabyte,Gibibyte,0.931323,0
Digital Storage,Gigabyte,Terabit,0.008,0
Digital Storage,Gigabyte,Terabyte,0.001,0
Digital Storage,Gigabyte,Tebibit,0.00727596,0
Digital Storage,Gigabyte,Tebibyte,0.000909495,0
Digital Storage,Gigabyte,Petabit,8e-06,0
Digital Storage,Gigabyte,Petabyte,1e-06,0
Digital Storage,Gigabyte,Pebibit,7.1054e-06,0
Digital Storage,Gigabyte,Pebibyte,8.8818e-07,0
Digital Storage,Gibibit,Bit,1074000000.0,0
Digital Storage,Gibibit,Byte,134200000.0,0
Digital Storage,Gibibit,Kilobit,1074000.0,0
Digital Storage,Gibibit,Kilobyte,134218.0,0
Digital Storage,Gibibit,Kibibit,1049000.0,0
Digital Storage,Gibibit,Kibibyte,131072.0,0
Digital Storage,Gibibit,Megabit,1073.74,0
Digital Storage,Gibibit,Megabyte,134.218,0
Digital Storage,Gibibit,Mebibit,1024.0,0
Digital Storage,Gibibit,Mebibyte,128.0,0
Digital Storage,Gibibit,Gigabit,1.07374,0
Digital Storage,Gibibit,Gigabyte,0.134218,0
Digital Storage,Gibibit,Gibibyte,0.125,0
Digital Storage,Gibibit,Terabit,0.00107374,0
Digital Storage,Gibibit,Terabyte,0.000134218,0
Digital Storage,Gibibit,Tebibit,0.000976563,0
Digital Storage,Gibibit,Tebibyte,0.00012207,0
Digital Storage,Gibibit,Petabit,1.0737e-06,0
Digital Storage,Gibibit,Petabyte,1.3422e-07,0
Digital Storage,Gibibit,Pebibit,9.5367e-07,0
Digital Storage,Gibibit,Pebibyte,1.1921e-07,0
Digital Storage,Gibibyte,Bit,8590000000.0,0
Digital Storage,Gibibyte,Byte,1074000000.0,0
Digital Storage,Gibibyte,Kilobit,8590000.0,0
Digital Storage,Gibibyte,Kilobyte,1074000.0,0
Digital Storage,Gibibyte,Kibibit,8389000.0,0
Digital Storage,Gibibyte,Kibibyte,1049000.0,0
Digital Storage,Gibibyte,Megabit,8589.93,0
Digital Storage,Gibibyte,Megabyte,1073.74,0
Digital Storage,Gibibyte,Mebibit,8192.0,0
Digital Storage,Gibibyte,Mebibyte,1024.0,0
Digital Storage,Gibibyte,Gigabit,8.58993,0
Digital Storage,Gibibyte,Gigabyte,1.07374,0
Digital Storage,Gibibyte,Gibibit,8.0,0
Digital Storage,Gibibyte,Terabit,0.00858993,0
Digital Storage,Gibibyte,Terabyte,0.00107374,0
Digital Storage,Gibibyte,Tebibit,0.0078125,0
Digital Storage,Gibibyte,Tebibyte,0.000976563,0
Digital Storage,Gibibyte,Petabit,8.5899e-06,0
Digital Storage,Gibibyte,Petabyte,1.0737e-06,0
Digital Storage,Gibibyte,Pebibit,7.6294e-06,0
Digital Storage,Gibibyte,Pebibyte,9.5367e-07,0
Digital Storage,Terabit,Bit,1000000000000.0,0
Digital Storage,Terabit,Byte,125000000000.0,0
Digital Storage,Terabit,Kilobit,1000000000.0,0
Digital Storage,Terabit,Kilobyte,125000000.0,0
Digital Storage,Terabit,Kibibit,976600000.0,0
Digital Storage,Terabit,Kibibyte,122100000.0,0
Digital Storage,Terabit,Megabit,1000000.0,0
Digital Storage,Terabit,Megabyte,125000.0,0
Digital Storage,Terabit,Mebibit,953674.0,0
Digital Storage,Terabit,Mebibyte,119209.0,0
Digital Storage,Terabit,Gigabit,1000.0,0
Digital Storage,Terabit,Gigabyte,125.0,0
Digital Storage,Terabit,Gibibit,931.323,0
Digital Storage,Terabit,Gibibyte,116.415,0
Digital Storage,Terabit,Terabyte,0.125,0
Digital Storage,Terabit,Tebibit,0.909495,0
Digital Storage,Terabit,Tebibyte,0.113687,0
Digital Storage,Terabit,Petabit,0.001,0
Digital Storage,Terabit,Petabyte,0.000125,0
Digital Storage,Terabit,Pebibit,0.000888178,0
Digital Storage,Terabit,Pebibyte,0.000111022,0
Digital Storage,Terabyte,Bit,8000000000000.0,0
Digital Storage,Terabyte,Byte,1000000000000.0,0
Digital Storage,Terabyte,Kilobit,8000000000.0,0
Digital Storage,Terabyte,Kilobyte,1000000000.0,0
Digital Storage,Terabyte,Kibibit,7813000000.0,0
Digital Storage,Terabyte,Kibibyte,976600000.0,0
Digital Storage,Terabyte,Megabit,8000000.0,0
Digital Storage,Terabyte,Megabyte,1000000.0,0
Digital Storage,Terabyte,Mebibit,7629000.0,0
Digital Storage,Terabyte,Mebibyte,953674.0,0
Digital Storage,Terabyte,Gigabit,8000.0,0
Digital Storage,Terabyte,Gigabyte,1000.0,0
Digital Storage,Terabyte,Gibibit,7450.58,0
Digital Storage,Terabyte,Gibibyte,931.323,0
Digital Storage,Terabyte,Terabit,8.0,0
Digital Storage,Terabyte,Tebibit,7.27596,0
Digital Storage,Terabyte,Tebibyte,0.909495,0
Digital Storage,Terabyte,Petabit,0.008,0
Digital Storage,Terabyte,Petabyte,0.001,0
Digital Storage,Terabyte,Pebibit,0.00710543,0
Digital Storage,Terabyte,Pebibyte,0.000888178,0
Digital Storage,Tebibit,Bit,1100000000000.0,0
Digital Storage,Tebibit,Byte,137400000000.0,0
Digital Storage,Tebibit,Kilobit,1100000000.0,0
Digital Storage,Tebibit,Kilobyte,137400000.0,0
Digital Storage,Tebibit,Kibibit,1074000000.0,0
Digital Storage,Tebibit,Kibibyte,134200000.0,0
Digital Storage,Tebibit,Megabit,1100000.0,0
Digital Storage,Tebibit,Megabyte,137439.0,0
Digital Storage,Tebibit,Mebibit,1049000.0,0
Digital Storage,Tebibit,Mebibyte,131072.0,0
Digital Storage,Tebibit,Gigabit,1099.51,0
Digital Storage,Tebibit,Gigabyte,137.439,0
Digital Storage,Tebibit,Gibibit,1024.0,0
Digital Storage,Tebibit,Gibibyte,128.0,0
Digital Storage,Tebibit,Terabit,1.09951,0
Digital Storage,Tebibit,Terabyte,0.137439,0
Digital Storage,Tebibit,Tebibyte,0.125,0
Digital Storage,Tebibit,Petabit,0.00109951,0
Digital Storage,Tebibit,Petabyte,0.000137439,0
Digital Storage,Tebibit,Pebibit,0.000976563,0
Digital Storage,Tebibit,Pebibyte,0.00012207,0
Digital Storage,Tebibyte,Bit,8796000000000.0,0
Digital Storage,Tebibyte,Byte,1100000000000.0,0
Digital Storage,Tebibyte,Kilobit,8796000000.0,0
Digital Storage,Tebibyte,Kilobyte,1100000000.0,0
Digital Storage,Tebibyte,Kibibit,8590000000.0,0
Digital Storage,Tebibyte,Kibibyte,1074000000.0,0
Digital Storage,Tebibyte,Megabit,8796000.0,0
Digital Storage,Tebibyte,Megabyte,1100000.0,0
Digital Storage,Tebibyte,Mebibit,8389000.0,0
Digital Storage,Tebibyte,Mebibyte,1049000.0,0
Digital Storage,Tebibyte,Gigabit,8796.09,0
Digital Storage,Tebibyte,Gigabyte,1099.51,0
Digital Storage,Tebibyte,Gibibit,8192.0,0
Digital Storage,Tebibyte,Gibibyte,1024.0,0
Digital Storage,Tebibyte,Terabit,8.79609,0
Digital Storage,Tebibyte,Terabyte,1.09951,0
Digital Storage,Tebibyte,Tebibit,8.0,0
Digital Storage,Tebibyte,Petabit,0.00879609,0
Digital Storage,Tebibyte,Petabyte,0.00109951,0
Digital Storage,Tebibyte,Pebibit,0.0078125,0
Digital Storage,Tebibyte,Pebibyte,0.000976563,0
Digital Storage,Petabit,Bit,1000000000000000.0,0
Digital Storage,Petabit,Byte,125000000000000.0,0
Digital Storage,Petabit,Kilobit,1000000000000.0,0
Digital Storage,Petabit,Kilobyte,125000000000.0,0
Digital Storage,Petabit,Kibibit,976600000000.0,0
Digital Storage,Petabit,Kibibyte,122100000000.0,0
Digital Storage,Petabit,Megabit,1000000000.0,0
Digital Storage,Petabit,Megabyte,125000000.0,0
Digital Storage,Petabit,Mebibit,953700000.0,0
Digital Storage,Petabit,Mebibyte,119200000.0,0
Digital Storage,Petabit,Gigabit,1000000.0,0
Digital Storage,Petabit,Gigabyte,125000.0,0
Digital Storage,Petabit,Gibibit,931323.0,0
Digital Storage,Petabit,Gibibyte,116415.0,0
Digital Storage,Petabit,Terabit,1000.0,0
Digital Storage,Petabit,Terabyte,125.0,0
Digital Storage,Petabit,Tebibit,909.495,0
Digital Storage,Petabit,Tebibyte,113.687,0
Digital Storage,Petabit,Petabyte,0.125,0
Digital Storage,Petabit,Pebibit,0.888178,0
Digital Storage,Petabit,Pebibyte,0.111022,0
Digital Storage,Petabyte,Bit,8000000000000000.0,0
Digital Storage,Petabyte,Byte,1000000000000000.0,0
Digital Storage,Petabyte,Kilobit,8000000000000.0,0
Digital Storage,Petabyte,Kilobyte,1000000000000.0,0
Digital Storage,Petabyte,Kibibit,7813000000000.0,0
Digital Storage,Petabyte,Kibibyte,976600000000.0,0
Digital Storage,Petabyte,Megabit,8000000000.0,0
Digital Storage,Petabyte,Megabyte,1000000000.0,0
Digital Storage,Petabyte,Mebibit,7629000000.0,0
Digital Storage,Petabyte,Mebibyte,953700000.0,0
Digital Storage,Petabyte,Gigabit,8000000.0,0
Digital Storage,Petabyte,Gigabyte,1000000.0,0
Digital Storage,Petabyte,Gibibit,7451000.0,0
Digital Storage,Petabyte,Gibibyte,931323.0,0
Digital Storage,Petabyte,Terabit,8000.0,0
Digital Storage,Petabyte,Terabyte,1000.0,0
Digital Storage,Petabyte,Tebibit,7275.96,0
Digital Storage,Petabyte,Tebibyte,909.495,0
Digital Storage,Petabyte,Petabit,8.0,0
Digital Storage,Petabyte,Pebibit,7.10543,0
Digital Storage,Petabyte,Pebibyte,0.888178,0
Digital Storage,Pebibit,Bit,1126000000000000.0,0
Digital Storage,Pebibit,Byte,140700000000000.0,0
Digital Storage,Pebibit,Kilobit,1126000000000.0,0
Digital Storage,Pebibit,Kilobyte,140700000000.0,0
Digital Storage,Pebibit,Kibibit,1100000000000.0,0
Digital Storage,Pebibit,Kibibyte,137400000000.0,0
Digital Storage,Pebibit,Megabit,1126000000.0,0
Digital Storage,Pebibit,Megabyte,140700000.0,0
Digital Storage,Pebibit,Mebibit,1074000000.0,0
Digital Storage,Pebibit,Mebibyte,134200000.0,0
Digital Storage,Pebibit,Gigabit,1126000.0,0
Digital Storage,Pebibit,Gigabyte,140737.0,0
Digital Storage,Pebibit,Gibibit,1049000.0,0
Digital Storage,Pebibit,Gibibyte,131072.0,0
Digital Storage,Pebibit,Terabit,1125.9,0
Digital Storage,Pebibit,Terabyte,140.737,0
Digital Storage,Pebibit,Tebibit,1024.0,0
Digital Storage,Pebibit,Tebibyte,128.0,0
Digital Storage,Pebibit,Petabit,1.1259,0
Digital Storage,Pebibit,Petabyte,0.140737,0
Digital Storage,Pebibit,Pebibyte,0.125,0
Digital Storage,Pebibyte,Pebibit,8.0,0
Digital Storage,Pebibyte,Byte,1126000000000000.0,0
Digital Storage,Pebibyte,Kilobit,9007000000000.0,0
Digital Storage,Pebibyte,Kilobyte,1126000000000.0,0
Digital Storage,Pebibyte,Kibibit,8796000000000.0,0
Digital Storage,Pebibyte,Kibibyte,1100000000000.0,0
Digital Storage,Pebibyte,Megabit,9007000000.0,0
Digital Storage,Pebibyte,Megabyte,1126000000.0,0
Digital Storage,Pebibyte,Mebibit,8590000000.0,0
Digital Storage,Pebibyte,Mebibyte,1074000000.0,0
Digital Storage,Pebibyte,Gigabit,9007000.0,0
Digital Storage,Pebibyte,Gigabyte,1126000.0,0
Digital Storage,Pebibyte,Gibibit,8389000.0,0
Digital Storage,Pebibyte,Gibibyte,1049000.0,0
Digital Storage,Pebibyte,Terabit,9007.2,0
Digital Storage,Pebibyte,Terabyte,1125.9,0
Digital Storage,Pebibyte,Tebibit,8192.0,0
Digital Storage,Pebibyte,Tebibyte,1024.0,0
Digital Storage,Pebibyte,Petabit,9.0072,0
Digital Storage,Pebibyte,Petabyte,1.1259,0
